cycle,scheduled_ns,start_ns,finish_ns,jitter_us,execution_us,response_us,deadline_miss
1,9980006911950,9980006992822,9980007076936,80.872,84.114,164.986,0
2,9980026911950,9980026984788,9980027056663,72.838,71.875,144.713,0
3,9980046911950,9980046982431,9980047054254,70.481,71.823,142.304,0
4,9980066911950,9980066988512,9980067060699,76.562,72.187,148.749,0
5,9980086911950,9980086985531,9980087057353,73.581,71.822,145.403,0
6,9980106911950,9980106986820,9980107058694,74.870,71.874,146.744,0
7,9980126911950,9980126991026,9980127074827,79.076,83.801,162.877,0
8,9980146911950,9980146988252,9980147072106,76.302,83.854,160.156,0
9,9980166911950,9980166989021,9980167072770,77.071,83.749,160.820,0
10,9980186911950,9980186993123,9980187076976,81.173,83.853,165.026,0
11,9980206911950,9980206992328,9980207076130,80.378,83.802,164.180,0
12,9980226911950,9980226990649,9980227074451,78.699,83.802,162.501,0
13,9980246911950,9980246991886,9980247075740,79.936,83.854,163.790,0
14,9980266911950,9980266989790,9980267073591,77.840,83.801,161.641,0
15,9980286911950,9980286991912,9980287075766,79.962,83.854,163.816,0
16,9980306911950,9980306991795,9980307075649,79.845,83.854,163.699,0
17,9980326911950,9980326989074,9980327072928,77.124,83.854,160.978,0
18,9980346911950,9980346991509,9980347075311,79.559,83.802,163.361,0
19,9980366911950,9980366991184,9980367074986,79.234,83.802,163.036,0
20,9980386911950,9980386991692,9980387075493,79.742,83.801,163.543,0
21,9980406911950,9980406991783,9980407075637,79.833,83.854,163.687,0
22,9980426911950,9980427004114,9980427087916,92.164,83.802,175.966,0
23,9980446911950,9980446992070,9980447075872,80.120,83.802,163.922,0
24,9980466911950,9980466991745,9980467075494,79.795,83.749,163.544,0
25,9980486911950,9980486991784,9980487075637,79.834,83.853,163.687,0
26,9980506911950,9980506988906,9980507072760,76.956,83.854,160.810,0
27,9980526911950,9980526989935,9980527073789,77.985,83.854,161.839,0
28,9980546911950,9980546988464,9980547072266,76.514,83.802,160.316,0
29,9980566911950,9980567015534,9980567100221,103.584,84.687,188.271,0
30,9980586911950,9980587004636,9980587088959,92.686,84.323,177.009,0
31,9980606911950,9980607021967,9980607106758,110.017,84.791,194.808,0
32,9980626911950,9980626988985,9980627073100,77.035,84.115,161.150,0
33,9980646911950,9980646981160,9980647044076,69.210,62.916,132.126,0
34,9980666911950,9980666980054,9980667042970,68.104,62.916,131.020,0
35,9980686911950,9980686979416,9980687042280,67.466,62.864,130.330,0
36,9980706911950,9980706979611,9980707042475,67.661,62.864,130.525,0
37,9980726911950,9980726980380,9980727043244,68.430,62.864,131.294,0
38,9980746911950,9980746985835,9980747069689,73.885,83.854,157.739,0
39,9980766911950,9980766991916,9980767075718,79.966,83.802,163.768,0
40,9980786911950,9980786993778,9980787077580,81.828,83.802,165.630,0
41,9980806911950,9980806990588,9980807074390,78.638,83.802,162.440,0
42,9980826911950,9980826991878,9980827075679,79.928,83.801,163.729,0
43,9980846911950,9980846990459,9980847074260,78.509,83.801,162.310,0
44,9980866911950,9980866994821,9980867078622,82.871,83.801,166.672,0
45,9980886911950,9980886990381,9980887074182,78.431,83.801,162.232,0
46,9980906911950,9980906991983,9980907075784,80.033,83.801,163.834,0
47,9980926911950,9980926992855,9980927076657,80.905,83.802,164.707,0
48,9980946911950,9980946995967,9980947080185,84.017,84.218,168.235,0
49,9980966911950,9980966992361,9980967076318,80.411,83.957,164.368,0
50,9980986911950,9980986990004,9980987073806,78.054,83.802,161.856,0
51,9981006911950,9981006990460,9981007074262,78.510,83.802,162.312,0
52,9981026911950,9981026992166,9981027075967,80.216,83.801,164.017,0
53,9981046911950,9981046990122,9981047073923,78.172,83.801,161.973,0
54,9981066911950,9981066991984,9981067075838,80.034,83.854,163.888,0
55,9981086911950,9981086993065,9981087076918,81.115,83.853,164.968,0
56,9981106911950,9981106991906,9981107075656,79.956,83.750,163.706,0
57,9981126911950,9981126989289,9981127073091,77.339,83.802,161.141,0
58,9981146911950,9981146989172,9981147072974,77.222,83.802,161.024,0
59,9981166911950,9981166992180,9981167076034,80.230,83.854,164.084,0
60,9981186911950,9981186990501,9981187074406,78.551,83.905,162.456,0
61,9981206911950,9981206989029,9981207072883,77.079,83.854,160.933,0
62,9981226911950,9981226991777,9981227075579,79.827,83.802,163.629,0
63,9981246911950,9981246985879,9981247069680,73.929,83.801,157.730,0
64,9981266911950,9981266989668,9981267073469,77.718,83.801,161.519,0
65,9981286911950,9981286989290,9981287073092,77.340,83.802,161.142,0
66,9981306911950,9981306991517,9981307075319,79.567,83.802,163.369,0
67,9981326911950,9981326991661,9981327075462,79.711,83.801,163.512,0
68,9981346911950,9981346988991,9981347072793,77.041,83.802,160.843,0
69,9981366911950,9981366991427,9981367075280,79.477,83.853,163.330,0
70,9981386911950,9981386990997,9981387074799,79.047,83.802,162.849,0
71,9981406911950,9981406992495,9981407076244,80.545,83.749,164.294,0
72,9981426911950,9981426991232,9981427075033,79.282,83.801,163.083,0
73,9981446911950,9981446988875,9981447072677,76.925,83.802,160.727,0
74,9981466911950,9981466991362,9981467075216,79.412,83.854,163.266,0
75,9981486911950,9981486991714,9981487075568,79.764,83.854,163.618,0
76,9981506911950,9981506988368,9981507072169,76.418,83.801,160.219,0
77,9981526911950,9981526988511,9981527072365,76.561,83.854,160.415,0
78,9981546911950,9981546988863,9981547072665,76.913,83.802,160.715,0
79,9981566911950,9981566991819,9981567075568,79.869,83.749,163.618,0
80,9981586911950,9981586991337,9981587075139,79.387,83.802,163.189,0
81,9981606911950,9981606991585,9981607075386,79.635,83.801,163.436,0
82,9981626911950,9981627007926,9981627092665,95.976,84.739,180.715,0
83,9981646911950,9981647014476,9981647112027,102.526,97.551,200.077,0
84,9981666911950,9981666993994,9981667066598,82.044,72.604,154.648,0
85,9981686911950,9981686984450,9981687056221,72.500,71.771,144.271,0
86,9981706911950,9981706982354,9981707054229,70.404,71.875,142.279,0
87,9981726911950,9981726982029,9981727053903,70.079,71.874,141.953,0
88,9981746911950,9981746980453,9981747043370,68.503,62.917,131.420,0
89,9981766911950,9981766979451,9981767042315,67.501,62.864,130.365,0
90,9981786911950,9981786979698,9981787042511,67.748,62.813,130.561,0
91,9981806911950,9981806984425,9981807047237,72.475,62.812,135.287,0
92,9981826911950,9981826984881,9981827047745,72.931,62.864,135.795,0
93,9981846911950,9981846986170,9981847069972,74.220,83.802,158.022,0
94,9981866911950,9981866995532,9981867079386,83.582,83.854,167.436,0
95,9981886911950,9981886993176,9981887076925,81.226,83.749,164.975,0
96,9981906911950,9981906989934,9981907073787,77.984,83.853,161.837,0
97,9981926911950,9981926992942,9981927076795,80.992,83.853,164.845,0
98,9981946911950,9981947002252,9981947086470,90.302,84.218,174.520,0
99,9981966911950,9981966990312,9981967074061,78.362,83.749,162.111,0
100,9981986911950,9981986988997,9981987072851,77.047,83.854,160.901,0
101,9982006911950,9982006992943,9982007077057,80.993,84.114,165.107,0
102,9982026911950,9982026989961,9982027073710,78.011,83.749,161.760,0
103,9982046911950,9982047028490,9982047112343,116.540,83.853,200.393,0
104,9982066911950,9982066992383,9982067076185,80.433,83.802,164.235,0
105,9982086911950,9982086989037,9982087072839,77.087,83.802,160.889,0
106,9982106911950,9982106989128,9982107072982,77.178,83.854,161.032,0
107,9982126911950,9982126993282,9982127077136,81.332,83.854,165.186,0
108,9982146911950,9982147020092,9982147103894,108.142,83.802,191.944,0
109,9982166911950,9982166991538,9982167075391,79.588,83.853,163.441,0
110,9982186911950,9982186992202,9982187076056,80.252,83.854,164.106,0
111,9982206911950,9982206989012,9982207072814,77.062,83.802,160.864,0
112,9982226911950,9982226991239,9982227075145,79.289,83.906,163.195,0
113,9982246911950,9982246989247,9982247073048,77.297,83.801,161.098,0
114,9982266911950,9982266989026,9982267072827,77.076,83.801,160.877,0
115,9982286911950,9982286991304,9982287075158,79.354,83.854,163.208,0
116,9982306911950,9982306991135,9982307074937,79.185,83.802,162.987,0
117,9982326911950,9982326992581,9982327076382,80.631,83.801,164.432,0
118,9982346911950,9982346991422,9982347075224,79.472,83.802,163.274,0
119,9982366911950,9982366991149,9982367074951,79.199,83.802,163.001,0
120,9982386911950,9982386992647,9982387076448,80.697,83.801,164.498,0
121,9982406911950,9982406993102,9982407076904,81.152,83.802,164.954,0
122,9982426911950,9982426991892,9982427075641,79.942,83.749,163.691,0
123,9982446911950,9982446992712,9982447076514,80.762,83.802,164.564,0
124,9982466911950,9982466988637,9982467072438,76.687,83.801,160.488,0
125,9982486911950,9982486991853,9982487075707,79.903,83.854,163.757,0
126,9982506911950,9982506988872,9982507072725,76.922,83.853,160.775,0
127,9982526911950,9982526988546,9982527072348,76.596,83.802,160.398,0
128,9982546911950,9982546991398,9982547075252,79.448,83.854,163.302,0
129,9982566911950,9982566989614,9982567073468,77.664,83.854,161.518,0
130,9982586911950,9982586991841,9982587075643,79.891,83.802,163.693,0
131,9982606911950,9982606991412,9982607075213,79.462,83.801,163.263,0
132,9982626911950,9982626992701,9982627076450,80.751,83.749,164.500,0
133,9982646911950,9982646992740,9982647076594,80.790,83.854,164.644,0
134,9982666911950,9982667012154,9982667096581,100.204,84.427,184.631,0
135,9982686911950,9982687059589,9982687144172,147.639,84.583,232.222,0
136,9982706911950,9982707048951,9982707150878,137.001,101.927,238.928,0
137,9982726911950,9982727000241,9982727084928,88.291,84.687,172.978,0
138,9982746911950,9982746986790,9982747070644,74.840,83.854,158.694,0
139,9982766911950,9982766980111,9982767042975,68.161,62.864,131.025,0
140,9982786911950,9982786986088,9982787048952,74.138,62.864,137.002,0
141,9982806911950,9982806982950,9982807045814,71.000,62.864,133.864,0
142,9982826911950,9982826982364,9982827045228,70.414,62.864,133.278,0
143,9982846911950,9982846982299,9982847045163,70.349,62.864,133.213,0
144,9982866911950,9982866989161,9982867072963,77.211,83.802,161.013,0
145,9982886911950,9982886988419,9982887072221,76.469,83.802,160.271,0
146,9982906911950,9982906990906,9982907074708,78.956,83.802,162.758,0
147,9982926911950,9982926991987,9982927075789,80.037,83.802,163.839,0
148,9982946911950,9982947004058,9982947088120,92.108,84.062,176.170,0
149,9982966911950,9982966991649,9982967075555,79.699,83.906,163.605,0
150,9982986911950,9982986989084,9982987072886,77.134,83.802,160.936,0
151,9983006911950,9983006990269,9983007074071,78.319,83.802,162.121,0
152,9983026911950,9983026993277,9983027076975,81.327,83.698,165.025,0
153,9983046911950,9983046990869,9983047074670,78.919,83.801,162.720,0
154,9983066911950,9983067023252,9983067107053,111.302,83.801,195.103,0
155,9983086911950,9983086993395,9983087077197,81.445,83.802,165.247,0
156,9983106911950,9983106993226,9983107077028,81.276,83.802,165.078,0
157,9983126911950,9983126993161,9983127077015,81.211,83.854,165.065,0
158,9983146911950,9983146992263,9983147076117,80.313,83.854,164.167,0
159,9983166911950,9983167017302,9983167101104,105.352,83.802,189.154,0
160,9983186911950,9983186990831,9983187074633,78.881,83.802,162.683,0
161,9983206911950,9983206988787,9983207072641,76.837,83.854,160.691,0
162,9983226911950,9983226987889,9983227071742,75.939,83.853,159.792,0
163,9983246911950,9983246991418,9983247075167,79.468,83.749,163.217,0
164,9983266911950,9983267003332,9983267087133,91.382,83.801,175.183,0
165,9983286911950,9983286989621,9983287073475,77.671,83.854,161.525,0
166,9983306911950,9983306988983,9983307072785,77.033,83.802,160.835,0
167,9983326911950,9983326991314,9983327075116,79.364,83.802,163.166,0
168,9983346911950,9983346992603,9983347076353,80.653,83.750,164.403,0
169,9983366911950,9983366991966,9983367075715,80.016,83.749,163.765,0
170,9983386911950,9983386991276,9983387075077,79.326,83.801,163.127,0
171,9983406911950,9983406991211,9983407075012,79.261,83.801,163.062,0
172,9983426911950,9983426991406,9983427075156,79.456,83.750,163.206,0
173,9983446911950,9983446988685,9983447072435,76.735,83.750,160.485,0
174,9983466911950,9983466992058,9983467075859,80.108,83.801,163.909,0
175,9983486911950,9983486988868,9983487072669,76.918,83.801,160.719,0
176,9983506911950,9983506988543,9983507072396,76.593,83.853,160.446,0
177,9983526911950,9983526993842,9983527077644,81.892,83.802,165.694,0
178,9983546911950,9983546992840,9983547076641,80.890,83.801,164.691,0
179,9983566911950,9983566992098,9983567075847,80.148,83.749,163.897,0
180,9983586911950,9983586997606,9983587081355,85.656,83.749,169.405,0
181,9983606911950,9983606992333,9983607076186,80.383,83.853,164.236,0
182,9983626911950,9983626989559,9983627073309,77.609,83.750,161.359,0
183,9983646911950,9983646991578,9983647075379,79.628,83.801,163.429,0
184,9983666911950,9983666992294,9983667076096,80.344,83.802,164.146,0
185,9983686911950,9983687002437,9983687086239,90.487,83.802,174.289,0
186,9983706911950,9983706992425,9983707076174,80.475,83.749,164.224,0
187,9983726911950,9983727020432,9983727105015,108.482,84.583,193.065,0
188,9983746911950,9983747046670,9983747168023,134.720,121.353,256.073,0
189,9983766911950,9983767026657,9983767111135,114.707,84.478,199.185,0
190,9983786911950,9983786997373,9983787081227,85.423,83.854,169.277,0
191,9983806911950,9983806984079,9983807047777,72.129,63.698,135.827,0
192,9983826911950,9983826982816,9983827046462,70.866,63.646,134.512,0
193,9983846911950,9983846983012,9983847046657,71.062,63.645,134.707,0
194,9983866911950,9983866982374,9983867045968,70.424,63.594,134.018,0
195,9983886911950,9983886982309,9983887046111,70.359,63.802,134.161,0
196,9983906911950,9983906986567,9983907071358,74.617,84.791,159.408,0
197,9983926911950,9983926990252,9983927075096,78.302,84.844,163.146,0
198,9983946911950,9983947002948,9983947087166,90.998,84.218,175.216,0
199,9983966911950,9983966988664,9983967073612,76.714,84.948,161.662,0
200,9983986911950,9983986985839,9983987070682,73.889,84.843,158.732,0
201,9984006911950,9984007014159,9984007098430,102.209,84.271,186.480,0
202,9984026911950,9984026999251,9984027083313,87.301,84.062,171.363,0
203,9984046911950,9984046988353,9984047073352,76.403,84.999,161.402,0
204,9984066911950,9984066990163,9984067074954,78.213,84.791,163.004,0
205,9984086911950,9984086987442,9984087072389,75.492,84.947,160.439,0
206,9984106911950,9984106990345,9984107075189,78.395,84.844,163.239,0
207,9984126911950,9984126989812,9984127074655,77.862,84.843,162.705,0
208,9984146911950,9984146993601,9984147077455,81.651,83.854,165.505,0
209,9984166911950,9984166993640,9984167077442,81.690,83.802,165.492,0
210,9984186911950,9984186994513,9984187078366,82.563,83.853,166.416,0
211,9984206911950,9984207024448,9984207108249,112.498,83.801,196.299,0
212,9984226911950,9984226996362,9984227080164,84.412,83.802,168.214,0
213,9984246911950,9984246984943,9984247069786,72.993,84.843,157.836,0
214,9984266911950,9984266993472,9984267077326,81.522,83.854,165.376,0
215,9984286911950,9984286993095,9984287076896,81.145,83.801,164.946,0
216,9984306911950,9984307003498,9984307087248,91.548,83.750,175.298,0
217,9984326911950,9984326989684,9984327074579,77.734,84.895,162.629,0
218,9984346911950,9984346993733,9984347077483,81.783,83.750,165.533,0
219,9984366911950,9984366994085,9984367077887,82.135,83.802,165.937,0
220,9984386911950,9984386993083,9984387076884,81.133,83.801,164.934,0
221,9984406911950,9984407003330,9984407087080,91.380,83.750,175.130,0
222,9984426911950,9984426993474,9984427077275,81.524,83.801,165.325,0
223,9984446911950,9984446993200,9984447077002,81.250,83.802,165.052,0
224,9984466911950,9984466989073,9984467073812,77.123,84.739,161.862,0
225,9984486911950,9984486992550,9984487076351,80.600,83.801,164.401,0
226,9984506911950,9984506988162,9984507073005,76.212,84.843,161.055,0
227,9984526911950,9984526987472,9984527072367,75.522,84.895,160.417,0
228,9984546911950,9984546994959,9984547078761,83.009,83.802,166.811,0
229,9984566911950,9984566993436,9984567077185,81.486,83.749,165.235,0
230,9984586911950,9984586992954,9984587076704,81.004,83.750,164.754,0
231,9984606911950,9984606992890,9984607076691,80.940,83.801,164.741,0
232,9984626911950,9984626990012,9984627073814,78.062,83.802,161.864,0
233,9984646911950,9984646992916,9984647076718,80.966,83.802,164.768,0
234,9984666911950,9984666992486,9984667076288,80.536,83.802,164.338,0
235,9984686911950,9984686992474,9984687076223,80.524,83.749,164.273,0
236,9984706911950,9984706996367,9984707080169,84.417,83.802,168.219,0
237,9984726911950,9984726990365,9984727074114,78.415,83.749,162.164,0
238,9984746911950,9984746994831,9984747078633,82.881,83.802,166.683,0
239,9984766911950,9984767025495,9984767157630,113.545,132.135,245.680,0
240,9984786911950,9984787030691,9984787116784,118.741,86.093,204.834,0
241,9984806911950,9984807063073,9984807148698,151.123,85.625,236.748,0
242,9984826911950,9984827005405,9984827068998,93.455,63.593,157.048,0
243,9984846911950,9984846981121,9984847044923,69.171,63.802,132.973,0
244,9984866911950,9984866980015,9984867043660,68.065,63.645,131.710,0
245,9984886911950,9984886985887,9984887049585,73.937,63.698,137.635,0
246,9984906911950,9984906982854,9984907046447,70.904,63.593,134.497,0
247,9984926911950,9984926990914,9984927074715,78.964,83.801,162.765,0
248,9984946911950,9984947003036,9984947087307,91.086,84.271,175.357,0
249,9984966911950,9984966989951,9984967073752,78.001,83.801,161.802,0
250,9984986911950,9984986985146,9984987070041,73.196,84.895,158.091,0
251,9985006911950,9985006994092,9985007077893,82.142,83.801,165.943,0
252,9985026911950,9985027037776,9985027122620,125.826,84.844,210.670,0
253,9985046911950,9985046991254,9985047075055,79.304,83.801,163.105,0
254,9985066911950,9985066991814,9985067075615,79.864,83.801,163.665,0
255,9985086911950,9985086985186,9985087070082,73.236,84.896,158.132,0
256,9985106911950,9985106986840,9985107070694,74.890,83.854,158.744,0
257,9985126911950,9985126992504,9985127076306,80.554,83.802,164.356,0
258,9985146911950,9985146994002,9985147077804,82.052,83.802,165.854,0
259,9985166911950,9985166991750,9985167075551,79.800,83.801,163.601,0
260,9985186911950,9985186994497,9985187078299,82.547,83.802,166.349,0
261,9985206911950,9985206993182,9985207077036,81.232,83.854,165.086,0
262,9985226911950,9985226992857,9985227076711,80.907,83.854,164.761,0
263,9985246911950,9985246986073,9985247069927,74.123,83.854,157.977,0
264,9985266911950,9985266990279,9985267074133,78.329,83.854,162.183,0
265,9985286911950,9985286993704,9985287077506,81.754,83.802,165.556,0
266,9985306911950,9985306992962,9985307076764,81.012,83.802,164.814,0
267,9985326911950,9985326992533,9985327076334,80.583,83.801,164.384,0
268,9985346911950,9985346985853,9985347069655,73.903,83.802,157.705,0
269,9985366911950,9985366991101,9985367074954,79.151,83.853,163.004,0
270,9985386911950,9985386990723,9985387074577,78.773,83.854,162.627,0
271,9985406911950,9985406992742,9985407076595,80.792,83.853,164.645,0
272,9985426911950,9985426993041,9985427076895,81.091,83.854,164.945,0
273,9985446911950,9985446990268,9985447074070,78.318,83.802,162.120,0
274,9985466911950,9985466992339,9985467076192,80.389,83.853,164.242,0
275,9985486911950,9985486992586,9985487076440,80.636,83.854,164.490,0
276,9985506911950,9985506989396,9985507073250,77.446,83.854,161.300,0
277,9985526911950,9985526991467,9985527075217,79.517,83.750,163.267,0
278,9985546911950,9985546991298,9985547075047,79.348,83.749,163.097,0
279,9985566911950,9985566993316,9985567077066,81.366,83.750,165.116,0
280,9985586911950,9985586992574,9985587076376,80.624,83.802,164.426,0
281,9985606911950,9985606993135,9985607076884,81.185,83.749,164.934,0
282,9985626911950,9985626989788,9985627073642,77.838,83.854,161.692,0
283,9985646911950,9985646989515,9985647073369,77.565,83.854,161.419,0
284,9985666911950,9985666993096,9985667076898,81.146,83.802,164.948,0
285,9985686911950,9985686992510,9985687076364,80.560,83.854,164.414,0
286,9985706911950,9985706992393,9985707076247,80.443,83.854,164.297,0
287,9985726911950,9985726992068,9985727075870,80.118,83.802,163.920,0
288,9985746911950,9985746986326,9985747070180,74.376,83.854,158.230,0
289,9985766911950,9985766993709,9985767077563,81.759,83.854,165.613,0
290,9985786911950,9985786989165,9985787072967,77.215,83.802,161.017,0
291,9985806911950,9985806992069,9985807075871,80.119,83.802,163.921,0
292,9985826911950,9985827031275,9985827139139,119.325,107.864,227.189,0
293,9985846911950,9985847017668,9985847102043,105.718,84.375,190.093,0
294,9985866911950,9985867035937,9985867146196,123.987,110.259,234.246,0
295,9985886911950,9985886991080,9985887075455,79.130,84.375,163.505,0
296,9985906911950,9985906987838,9985907071744,75.888,83.906,159.794,0
297,9985926911950,9985926986159,9985927070013,74.209,83.854,158.063,0
298,9985946911950,9985946992604,9985947055677,80.654,63.073,143.727,0
299,9985966911950,9985966980665,9985967043529,68.715,62.864,131.579,0
300,9985986911950,9985986980756,9985987043620,68.806,62.864,131.670,0
301,9986006911950,9986006981472,9986007044441,69.522,62.969,132.491,0
302,9986026911950,9986026981616,9986027044480,69.666,62.864,132.530,0
303,9986046911950,9986046986186,9986047069884,74.236,83.698,157.934,0
304,9986066911950,9986066990080,9986067073933,78.130,83.853,161.983,0
305,9986086911950,9986086990015,9986087073816,78.065,83.801,161.866,0
306,9986106911950,9986106989481,9986107073283,77.531,83.802,161.333,0
307,9986126911950,9986126989260,9986127073062,77.310,83.802,161.112,0
308,9986146911950,9986147025028,9986147108778,113.078,83.750,196.828,0
309,9986166911950,9986166991422,9986167075276,79.472,83.854,163.326,0
310,9986186911950,9986186989899,9986187073648,77.949,83.749,161.698,0
311,9986206911950,9986206992178,9986207075979,80.228,83.801,164.029,0
312,9986226911950,9986226993571,9986227077373,81.621,83.802,165.423,0
313,9986246911950,9986246988298,9986247072100,76.348,83.802,160.150,0
314,9986266911950,9986266991983,9986267075733,80.033,83.750,163.783,0
315,9986286911950,9986286987856,9986287071657,75.906,83.801,159.707,0
316,9986306911950,9986306991541,9986307075290,79.591,83.749,163.340,0
317,9986326911950,9986326991893,9986327075642,79.943,83.749,163.692,0
318,9986346911950,9986346991307,9986347075056,79.357,83.749,163.106,0
319,9986366911950,9986366988898,9986367072648,76.948,83.750,160.698,0
320,9986386911950,9986386992948,9986387076697,80.998,83.749,164.747,0
321,9986406911950,9986406988821,9986407072518,76.871,83.697,160.568,0
322,9986426911950,9986426991620,9986427075422,79.670,83.802,163.472,0
323,9986446911950,9986446991607,9986447075409,79.657,83.802,163.459,0
324,9986466911950,9986466988418,9986467072219,76.468,83.801,160.269,0
325,9986486911950,9986486991582,9986487075436,79.632,83.854,163.486,0
326,9986506911950,9986506988705,9986507072506,76.755,83.801,160.556,0
327,9986526911950,9986526992598,9986527076400,80.648,83.802,164.450,0
328,9986546911950,9986546988887,9986547072637,76.937,83.750,160.687,0
329,9986566911950,9986566988979,9986567072780,77.029,83.801,160.830,0
330,9986586911950,9986586991778,9986587075580,79.828,83.802,163.630,0
331,9986606911950,9986606991193,9986607075046,79.243,83.853,163.096,0
332,9986626911950,9986626988940,9986627072690,76.990,83.750,160.740,0
333,9986646911950,9986646991167,9986647074969,79.217,83.802,163.019,0
334,9986666911950,9986666999175,9986667082977,87.225,83.802,171.027,0
335,9986686911950,9986686992131,9986687075881,80.181,83.750,163.931,0
336,9986706911950,9986706991702,9986707075451,79.752,83.749,163.501,0
337,9986726911950,9986726990855,9986727074657,78.905,83.802,162.707,0
338,9986746911950,9986746990686,9986747074384,78.736,83.698,162.434,0
339,9986766911950,9986767018642,9986767102392,106.692,83.750,190.442,0
340,9986786911950,9986786991807,9986787075556,79.857,83.749,163.606,0
341,9986806911950,9986806988252,9986807072054,76.302,83.802,160.104,0
342,9986826911950,9986826991469,9986827075218,79.519,83.749,163.268,0
343,9986846911950,9986846991716,9986847075518,79.766,83.802,163.568,0
344,9986866911950,9986867020089,9986867103838,108.139,83.749,191.888,0
345,9986886911950,9986887023878,9986887119763,111.928,95.885,207.813,0
346,9986906911950,9986907027407,9986907112927,115.457,85.520,200.977,0
347,9986926911950,9986927022082,9986927107914,110.132,85.832,195.964,0
348,9986946911950,9986947004569,9986947088891,92.619,84.322,176.941,0
349,9986966911950,9986966989660,9986967073670,77.710,84.010,161.720,0
350,9986986911950,9986986981575,9986987044543,69.625,62.968,132.593,0
351,9987006911950,9987006980937,9987007043801,68.987,62.864,131.851,0
352,9987026911950,9987026982643,9987027045507,70.693,62.864,133.557,0
353,9987046911950,9987046981068,9987047044088,69.118,63.020,132.138,0
354,9987066911950,9987066981159,9987067044023,69.209,62.864,132.073,0
355,9987086911950,9987086987657,9987087071510,75.707,83.853,159.560,0
356,9987106911950,9987106987279,9987107071081,75.329,83.802,159.131,0
357,9987126911950,9987126991329,9987127075183,79.379,83.854,163.233,0
358,9987146911950,9987146995327,9987147079128,83.377,83.801,167.178,0
359,9987166911950,9987166993543,9987167077397,81.593,83.854,165.447,0
360,9987186911950,9987186987228,9987187070978,75.278,83.750,159.028,0
361,9987206911950,9987206991486,9987207075288,79.536,83.802,163.338,0
362,9987226911950,9987226995380,9987227079129,83.430,83.749,167.179,0
363,9987246911950,9987246993596,9987247077398,81.646,83.802,165.448,0
364,9987266911950,9987266994833,9987267078635,82.883,83.802,166.685,0
365,9987286911950,9987286991018,9987287074820,79.068,83.802,162.870,0
366,9987306911950,9987306990953,9987307074755,79.003,83.802,162.805,0
367,9987326911950,9987326992659,9987327076513,80.709,83.854,164.563,0
368,9987346911950,9987346993376,9987347077177,81.426,83.801,165.227,0
369,9987366911950,9987366993050,9987367076852,81.100,83.802,164.902,0
370,9987386911950,9987386990069,9987387073871,78.119,83.802,161.921,0
371,9987406911950,9987406992921,9987407076774,80.971,83.853,164.824,0
372,9987426911950,9987426992752,9987427076501,80.802,83.749,164.551,0
373,9987446911950,9987446990656,9987447074509,78.706,83.853,162.559,0
374,9987466911950,9987466993351,9987467077153,81.401,83.802,165.203,0
375,9987486911950,9987486990057,9987487073859,78.107,83.802,161.909,0
376,9987506911950,9987506989471,9987507073221,77.521,83.750,161.271,0
377,9987526911950,9987526992427,9987527076229,80.477,83.802,164.279,0
378,9987546911950,9987546991321,9987547075122,79.371,83.801,163.172,0
379,9987566911950,9987566993287,9987567077037,81.337,83.750,165.087,0
380,9987586911950,9987586990462,9987587074264,78.512,83.802,162.314,0
381,9987606911950,9987606993210,9987607076959,81.260,83.749,165.009,0
382,9987626911950,9987626990384,9987627074134,78.434,83.750,162.184,0
383,9987646911950,9987646992819,9987647076621,80.869,83.802,164.671,0
384,9987666911950,9987666992598,9987667076400,80.648,83.802,164.450,0
385,9987686911950,9987686991179,9987687074929,79.229,83.750,162.979,0
386,9987706911950,9987706993614,9987707077468,81.664,83.854,165.518,0
387,9987726911950,9987726992560,9987727076362,80.610,83.802,164.412,0
388,9987746911950,9987746992703,9987747076505,80.753,83.802,164.555,0
389,9987766911950,9987766992639,9987767076388,80.689,83.749,164.438,0
390,9987786911950,9987787002834,9987787086636,90.884,83.802,174.686,0
391,9987806911950,9987806993498,9987807077300,81.548,83.802,165.350,0
392,9987826911950,9987826989111,9987827072912,77.161,83.801,160.962,0
393,9987846911950,9987846993056,9987847076806,81.106,83.750,164.856,0
394,9987866911950,9987866995595,9987867079449,83.645,83.854,167.499,0
395,9987886911950,9987887022301,9987887107145,110.351,84.844,195.195,0
396,9987906911950,9987906992914,9987907076767,80.964,83.853,164.817,0
397,9987926911950,9987927034932,9987927133994,122.982,99.062,222.044,0
398,9987946911950,9987947043409,9987947127887,131.459,84.478,215.937,0
399,9987966911950,9987967022771,9987967107041,110.821,84.270,195.091,0
400,9987986911950,9987987124372,9987987208903,212.422,84.531,296.953,0
401,9988006911950,9988006980923,9988007037173,68.973,56.250,125.223,0
402,9988026911950,9988026982264,9988027038097,70.314,55.833,126.147,0
403,9988046911950,9988046981158,9988047037043,69.208,55.885,125.093,0
404,9988066911950,9988066980624,9988067036457,68.674,55.833,124.507,0
405,9988086911950,9988086979830,9988087035715,67.880,55.885,123.765,0
406,9988106911950,9988106988828,9988107072577,76.878,83.749,160.627,0
407,9988126911950,9988126986002,9988127069856,74.052,83.854,157.906,0
408,9988146911950,9988146985261,9988147069114,73.311,83.853,157.164,0
409,9988166911950,9988166985508,9988167069310,73.558,83.802,157.360,0
410,9988186911950,9988186988829,9988187072630,76.879,83.801,160.680,0
411,9988206911950,9988206991368,9988207075274,79.418,83.906,163.324,0
412,9988226911950,9988226986199,9988227070105,74.249,83.906,158.155,0
413,9988246911950,9988246990353,9988247074311,78.403,83.958,162.361,0
414,9988266911950,9988266992684,9988267076485,80.734,83.801,164.535,0
415,9988286911950,9988286993973,9988287077775,82.023,83.802,165.825,0
416,9988306911950,9988306989794,9988307073647,77.844,83.853,161.697,0
417,9988326911950,9988326989937,9988327073687,77.987,83.750,161.737,0
418,9988346911950,9988346991904,9988347075705,79.954,83.801,163.755,0
419,9988366911950,9988366993089,9988367076890,81.139,83.801,164.940,0
420,9988386911950,9988386991513,9988387075315,79.563,83.802,163.365,0
421,9988406911950,9988407005407,9988407089104,93.457,83.697,177.154,0
422,9988426911950,9988426989613,9988427073415,77.663,83.802,161.465,0
423,9988446911950,9988446991579,9988447075381,79.629,83.802,163.431,0
424,9988466911950,9988466992140,9988467075889,80.190,83.749,163.939,0
425,9988486911950,9988486988689,9988487072491,76.739,83.802,160.541,0
426,9988506911950,9988506988885,9988507072634,76.935,83.749,160.684,0
427,9988526911950,9988526989237,9988527072986,77.287,83.749,161.036,0
428,9988546911950,9988546988547,9988547072296,76.597,83.749,160.346,0
429,9988566911950,9988566989159,9988567072961,77.209,83.802,161.011,0
430,9988586911950,9988586991282,9988587075083,79.332,83.801,163.133,0
431,9988606911950,9988606991686,9988607075487,79.736,83.801,163.537,0
432,9988626911950,9988626990058,9988627073860,78.108,83.802,161.910,0
433,9988646911950,9988646992441,9988647076295,80.491,83.854,164.345,0
434,9988666911950,9988666991856,9988667075709,79.906,83.853,163.759,0
435,9988686911950,9988686992572,9988687076373,80.622,83.801,164.423,0
436,9988706911950,9988706991309,9988707075059,79.359,83.750,163.109,0
437,9988726911950,9988726989057,9988727072806,77.107,83.749,160.856,0
438,9988746911950,9988746990971,9988747074825,79.021,83.854,162.875,0
439,9988766911950,9988766992677,9988767076479,80.727,83.802,164.529,0
440,9988786911950,9988786991310,9988787075112,79.360,83.802,163.162,0
441,9988806911950,9988806991193,9988807074995,79.243,83.802,163.045,0
442,9988826911950,9988826983993,9988827067742,72.043,83.749,155.792,0
443,9988846911950,9988846988251,9988847071948,76.301,83.697,159.998,0
444,9988866911950,9988866994280,9988867078081,82.330,83.801,166.131,0
445,9988886911950,9988886991559,9988887075308,79.609,83.749,163.358,0
446,9988906911950,9988906991129,9988907074879,79.179,83.750,162.929,0
447,9988926911950,9988926988669,9988927072470,76.719,83.801,160.520,0
448,9988946911950,9988947000791,9988947084749,88.841,83.958,172.799,0
449,9988966911950,9988966990466,9988967074320,78.516,83.854,162.370,0
450,9988986911950,9988987037016,9988987123317,125.066,86.301,211.367,0
451,9989006911950,9989007014920,9989007099138,102.970,84.218,187.188,0
452,9989026911950,9989027035271,9989027098813,123.321,63.542,186.863,0
453,9989046911950,9989046981717,9989047044581,69.767,62.864,132.631,0
454,9989066911950,9989066981704,9989067044725,69.754,63.021,132.775,0
455,9989086911950,9989086980025,9989087042889,68.075,62.864,130.939,0
456,9989106911950,9989106979544,9989107042408,67.594,62.864,130.458,0
457,9989126911950,9989126982552,9989127054322,70.602,71.770,142.372,0
458,9989146911950,9989146982070,9989147053893,70.120,71.823,141.943,0
459,9989166911950,9989166985495,9989167057317,73.545,71.822,145.367,0
460,9989186911950,9989186988867,9989187060690,76.917,71.823,148.740,0
461,9989206911950,9989206989115,9989207060938,77.165,71.823,148.988,0
462,9989226911950,9989227029779,9989227101654,117.829,71.875,189.704,0
463,9989246911950,9989246995652,9989247079506,83.702,83.854,167.556,0
464,9989266911950,9989266993660,9989267077514,81.710,83.854,165.564,0
465,9989286911950,9989286990366,9989287074116,78.416,83.750,162.166,0
466,9989306911950,9989306992697,9989307076499,80.747,83.802,164.549,0
467,9989326911950,9989327019455,9989327103257,107.505,83.802,191.307,0
468,9989346911950,9989346989807,9989347073609,77.857,83.802,161.659,0
469,9989366911950,9989366995940,9989367079950,83.990,84.010,168.000,0
470,9989386911950,9989386992542,9989387076396,80.592,83.854,164.446,0
471,9989406911950,9989406993362,9989407077164,81.412,83.802,165.214,0
472,9989426911950,9989427025485,9989427109286,113.535,83.801,197.336,0
473,9989446911950,9989446990785,9989447074534,78.835,83.749,162.584,0
474,9989466911950,9989466985043,9989467068845,73.093,83.802,156.895,0
475,9989486911950,9989486989718,9989487073415,77.768,83.697,161.465,0
476,9989506911950,9989506988559,9989507072413,76.609,83.854,160.463,0
477,9989526911950,9989526989432,9989527073233,77.482,83.801,161.283,0
478,9989546911950,9989546989263,9989547073064,77.313,83.801,161.114,0
479,9989566911950,9989566992375,9989567076177,80.425,83.802,164.227,0
480,9989586911950,9989586988821,9989587072622,76.871,83.801,160.672,0
481,9989606911950,9989606989016,9989607072818,77.066,83.802,160.868,0
482,9989626911950,9989626990149,9989627073951,78.199,83.802,162.001,0
483,9989646911950,9989646989043,9989647072844,77.093,83.801,160.894,0
484,9989666911950,9989666991582,9989667075331,79.632,83.749,163.381,0
485,9989686911950,9989686992663,9989687076465,80.713,83.802,164.515,0
486,9989706911950,9989706991817,9989707075618,79.867,83.801,163.668,0
487,9989726911950,9989726991440,9989727075241,79.490,83.801,163.291,0
488,9989746911950,9989746984708,9989747068510,72.758,83.802,156.560,0
489,9989766911950,9989766992508,9989767076309,80.558,83.801,164.359,0
490,9989786911950,9989786991558,9989787075255,79.608,83.697,163.305,0
491,9989806911950,9989806991180,9989807074982,79.230,83.802,163.032,0
492,9989826911950,9989826991949,9989827075698,79.999,83.749,163.748,0
493,9989846911950,9989846984801,9989847068602,72.851,83.801,156.652,0
494,9989866911950,9989866988954,9989867072704,77.004,83.750,160.754,0
495,9989886911950,9989886991337,9989887075087,79.387,83.750,163.137,0
496,9989906911950,9989906991637,9989907075387,79.687,83.750,163.437,0
497,9989926911950,9989926991677,9989927075478,79.727,83.801,163.528,0
498,9989946911950,9989947001403,9989947085361,89.453,83.958,173.411,0
499,9989966911950,9989966985766,9989967069515,73.816,83.749,157.565,0
500,9989986911950,9989986984763,9989987068513,72.813,83.750,156.563,0
501,9990006911950,9990006992563,9990007076521,80.613,83.958,164.571,0
502,9990026911950,9990027002238,9990027086456,90.288,84.218,174.506,0
503,9990046911950,9990047028371,9990047100870,116.421,72.499,188.920,0
504,9990066911950,9990067035389,9990067109087,123.439,73.698,197.137,0
505,9990086911950,9990086996627,9990087069282,84.677,72.655,157.332,0
506,9990106911950,9990106983333,9990107055155,71.383,71.822,143.205,0
507,9990126911950,9990126983320,9990127055142,71.370,71.822,143.192,0
508,9990146911950,9990146981016,9990147043880,69.066,62.864,131.930,0
509,9990166911950,9990166979597,9990167042461,67.647,62.864,130.511,0
510,9990186911950,9990186980782,9990187043594,68.832,62.812,131.644,0
511,9990206911950,9990206979779,9990207042696,67.829,62.917,130.746,0
512,9990226911950,9990226979037,9990227041954,67.087,62.917,130.004,0
513,9990246911950,9990246992358,9990247076264,80.408,83.906,164.314,0
514,9990266911950,9990266994637,9990267078438,82.687,83.801,166.488,0
515,9990286911950,9990286992176,9990287076030,80.226,83.854,164.080,0
516,9990306911950,9990306993518,9990307077319,81.568,83.801,165.369,0
517,9990326911950,9990326991994,9990327075848,80.044,83.854,163.898,0
518,9990346911950,9990347021825,9990347106721,109.875,84.896,194.771,0
519,9990366911950,9990366990563,9990367074416,78.613,83.853,162.466,0
520,9990386911950,9990386994092,9990387077893,82.142,83.801,165.943,0
521,9990406911950,9990406992204,9990407076005,80.254,83.801,164.055,0
522,9990426911950,9990426993702,9990427077503,81.752,83.801,165.553,0
523,9990446911950,9990447002908,9990447087751,90.958,84.843,175.801,0
524,9990466911950,9990466993155,9990467076957,81.205,83.802,165.007,0
525,9990486911950,9990486993351,9990487077205,81.401,83.854,165.255,0
526,9990506911950,9990506988546,9990507072348,76.596,83.802,160.398,0
527,9990526911950,9990526991659,9990527075460,79.709,83.801,163.510,0
528,9990546911950,9990546987219,9990547071073,75.269,83.854,159.123,0
529,9990566911950,9990566990748,9990567074549,78.798,83.801,162.599,0
530,9990586911950,9990586994016,9990587077870,82.066,83.854,165.920,0
531,9990606911950,9990606992493,9990607076295,80.543,83.802,164.345,0
532,9990626911950,9990626989772,9990627073574,77.822,83.802,161.624,0
533,9990646911950,9990646992311,9990647076113,80.361,83.802,164.163,0
534,9990666911950,9990667004330,9990667089173,92.380,84.843,177.223,0
535,9990686911950,9990686992338,9990687076140,80.388,83.802,164.190,0
536,9990706911950,9990706992065,9990707075866,80.115,83.801,163.916,0
537,9990726911950,9990726992104,9990727075906,80.154,83.802,163.956,0
538,9990746911950,9990746992196,9990747075997,80.246,83.801,164.047,0
539,9990766911950,9990767019318,9990767104109,107.368,84.791,192.159,0
540,9990786911950,9990786992899,9990787076649,80.949,83.750,164.699,0
541,9990806911950,9990806992834,9990807076688,80.884,83.854,164.738,0
542,9990826911950,9990826991936,9990827075738,79.986,83.802,163.788,0
543,9990846911950,9990846991455,9990847075308,79.505,83.853,163.358,0
544,9990866911950,9990866989515,9990867073316,77.565,83.801,161.366,0
545,9990886911950,9990886989033,9990887072887,77.083,83.854,160.937,0
546,9990906911950,9990906992302,9990907076103,80.352,83.801,164.153,0
547,9990926911950,9990926991820,9990927075622,79.870,83.802,163.672,0
548,9990946911950,9990947000349,9990947085713,88.399,85.364,173.763,0
549,9990966911950,9990966986587,9990967070492,74.637,83.905,158.542,0
550,9990986911950,9990986993136,9990987077980,81.186,84.844,166.030,0
551,9991006911950,9991006995103,9991007079894,83.153,84.791,167.944,0
552,9991026911950,9991026994100,9991027078840,82.150,84.740,166.890,0
553,9991046911950,9991046989817,9991047073671,77.867,83.854,161.721,0
554,9991066911950,9991066993554,9991067078397,81.604,84.843,166.447,0
555,9991086911950,9991087032499,9991087118280,120.549,85.781,206.330,0
556,9991106911950,9991107030924,9991107124778,118.974,93.854,212.828,0
557,9991126911950,9991127027422,9991127113359,115.472,85.937,201.409,0
558,9991146911950,9991146990222,9991147074388,78.272,84.166,162.438,0
559,9991166911950,9991166987136,9991167070938,75.186,83.802,158.988,0
560,9991186911950,9991186980197,9991187043061,68.247,62.864,131.111,0
561,9991206911950,9991206981069,9991207043881,69.119,62.812,131.931,0
562,9991226911950,9991226980015,9991227042879,68.065,62.864,130.929,0
563,9991246911950,9991246980002,9991247042866,68.052,62.864,130.916,0
564,9991266911950,9991266979885,9991267042854,67.935,62.969,130.904,0
565,9991286911950,9991286986852,9991287070653,74.902,83.801,158.703,0
566,9991306911950,9991306986214,9991307070067,74.264,83.853,158.117,0
567,9991326911950,9991326994847,9991327079638,82.897,84.791,167.688,0
568,9991346911950,9991346994313,9991347079104,82.363,84.791,167.154,0
569,9991366911950,9991366990446,9991367075342,78.496,84.896,163.392,0
570,9991386911950,9991386991632,9991387076371,79.682,84.739,164.421,0
571,9991406911950,9991406994171,9991407078858,82.221,84.687,166.908,0
572,9991426911950,9991426994106,9991427078897,82.156,84.791,166.947,0
573,9991446911950,9991446992635,9991447077426,80.685,84.791,165.476,0
574,9991466911950,9991466994029,9991467078820,82.079,84.791,166.870,0
575,9991486911950,9991487020109,9991487105057,108.159,84.948,193.107,0
576,9991506911950,9991506990670,9991507075409,78.720,84.739,163.459,0
577,9991526911950,9991526988678,9991527072479,76.728,83.801,160.529,0
578,9991546911950,9991546990071,9991547074915,78.121,84.844,162.965,0
579,9991566911950,9991566992402,9991567077194,80.452,84.792,165.244,0
580,9991586911950,9991587002285,9991587087181,90.335,84.896,175.231,0
581,9991606911950,9991606989512,9991607074356,77.562,84.844,162.406,0
582,9991626911950,9991626990177,9991627075072,78.227,84.895,163.122,0
583,9991646911950,9991646991935,9991647076726,79.985,84.791,164.776,0
584,9991666911950,9991666992391,9991667077182,80.441,84.791,165.232,0
585,9991686911950,9991687020919,9991687105815,108.969,84.896,193.865,0
586,9991706911950,9991706987469,9991707071271,75.519,83.802,159.321,0
587,9991726911950,9991726993550,9991727078394,81.600,84.844,166.444,0
588,9991746911950,9991746993850,9991747078641,81.900,84.791,166.691,0
589,9991766911950,9991766994358,9991767079097,82.408,84.739,167.147,0
590,9991786911950,9991786989658,9991787074397,77.708,84.739,162.447,0
591,9991806911950,9991806993812,9991807078551,81.862,84.739,166.601,0
592,9991826911950,9991826993330,9991827078122,81.380,84.792,166.172,0
593,9991846911950,9991846992016,9991847076807,80.066,84.791,164.857,0
594,9991866911950,9991866994868,9991867079659,82.918,84.791,167.709,0
595,9991886911950,9991886991938,9991887076677,79.988,84.739,164.727,0
596,9991906911950,9991906988644,9991907073383,76.694,84.739,161.433,0
597,9991926911950,9991926991913,9991927076704,79.963,84.791,164.754,0
598,9991946911950,9991947002994,9991947088045,91.044,85.051,176.095,0
599,9991966911950,9991966988241,9991967073085,76.291,84.844,161.135,0
600,9991986911950,9991986986197,9991987070103,74.247,83.906,158.153,0
601,9992006911950,9992006991653,9992007076549,79.703,84.896,164.599,0
602,9992026911950,9992026986120,9992027069869,74.170,83.749,157.919,0
603,9992046911950,9992046991941,9992047076784,79.991,84.843,164.834,0
604,9992066911950,9992066989688,9992067074740,77.738,85.052,162.790,0
605,9992086911950,9992086989311,9992087074154,77.361,84.843,162.204,0
606,9992106911950,9992107033569,9992107118464,121.619,84.895,206.514,0
607,9992126911950,9992126990796,9992127075691,78.846,84.895,163.741,0
608,9992146911950,9992147027293,9992147128803,115.343,101.510,216.853,0
609,9992166911950,9992167039937,9992167125457,127.987,85.520,213.507,0
610,9992186911950,9992186997216,9992187082528,85.266,85.312,170.578,0
611,9992206911950,9992206986735,9992207071890,74.785,85.155,159.940,0
612,9992226911950,9992226981514,9992227044482,69.564,62.968,132.532,0
613,9992246911950,9992246980615,9992247043480,68.665,62.865,131.530,0
614,9992266911950,9992266980394,9992267043206,68.444,62.812,131.256,0
615,9992286911950,9992286980017,9992287042933,68.067,62.916,130.983,0
616,9992306911950,9992306981098,9992307044014,69.148,62.916,132.064,0
617,9992326911950,9992326985877,9992327070772,73.927,84.895,158.822,0
618,9992346911950,9992346986125,9992347071020,74.175,84.895,159.070,0
619,9992366911950,9992366994133,9992367079028,82.183,84.895,167.078,0
620,9992386911950,9992386992610,9992387077401,80.660,84.791,165.451,0
621,9992406911950,9992406991243,9992407075982,79.293,84.739,164.032,0
622,9992426911950,9992426988730,9992427073521,76.780,84.791,161.571,0
623,9992446911950,9992446994394,9992447079185,82.444,84.791,167.235,0
624,9992466911950,9992466993548,9992467078287,81.598,84.739,166.337,0
625,9992486911950,9992486993848,9992487078587,81.898,84.739,166.637,0
626,9992506911950,9992506989096,9992507073887,77.146,84.791,161.937,0
627,9992526911950,9992526989812,9992527074603,77.862,84.791,162.653,0
628,9992546911950,9992546990841,9992547075632,78.891,84.791,163.682,0
629,9992566911950,9992566994110,9992567078901,82.160,84.791,166.951,0
630,9992586911950,9992586992170,9992587077013,80.220,84.843,165.063,0
631,9992606911950,9992606991845,9992607076584,79.895,84.739,164.634,0
632,9992626911950,9992626986155,9992627070894,74.205,84.739,158.944,0
633,9992646911950,9992646989684,9992647074475,77.734,84.791,162.525,0
634,9992666911950,9992666992588,9992667077379,80.638,84.791,165.429,0
635,9992686911950,9992686993044,9992687077783,81.094,84.739,165.833,0
636,9992706911950,9992706991989,9992707076833,80.039,84.844,164.883,0
637,9992726911950,9992726989060,9992727073799,77.110,84.739,161.849,0
638,9992746911950,9992746992120,9992747076807,80.170,84.687,164.857,0
639,9992766911950,9992766992211,9992767076951,80.261,84.740,165.001,0
640,9992786911950,9992786991730,9992787076469,79.780,84.739,164.519,0
641,9992806911950,9992806989478,9992807074269,77.528,84.791,162.319,0
642,9992826911950,9992826989100,9992827073892,77.150,84.792,161.942,0
643,9992846911950,9992846992161,9992847077004,80.211,84.843,165.054,0
644,9992866911950,9992866994804,9992867079647,82.854,84.843,167.697,0
645,9992886911950,9992886992916,9992887077812,80.966,84.896,165.862,0
646,9992906911950,9992906991029,9992907075872,79.079,84.843,163.922,0
647,9992926911950,9992926988099,9992927072890,76.149,84.791,160.940,0
648,9992946911950,9992947002045,9992947087513,90.095,85.468,175.563,0
649,9992966911950,9992966987709,9992967072761,75.759,85.052,160.811,0
650,9992986911950,9992986991707,9992987076498,79.757,84.791,164.548,0
651,9993006911950,9993006991069,9993007075913,79.119,84.844,163.963,0
652,9993026911950,9993026989859,9993027074650,77.909,84.791,162.700,0
653,9993046911950,9993046990106,9993047074845,78.156,84.739,162.895,0
654,9993066911950,9993066990823,9993067075614,78.873,84.791,163.664,0
655,9993086911950,9993086992998,9993087077789,81.048,84.791,165.839,0
656,9993106911950,9993106992360,9993107077099,80.410,84.739,165.149,0
657,9993126911950,9993126990576,9993127075367,78.626,84.791,163.417,0
658,9993146911950,9993146992126,9993147076969,80.176,84.843,165.019,0
659,9993166911950,9993166992790,9993167077530,80.840,84.740,165.580,0
660,9993186911950,9993187028455,9993187112829,116.505,84.374,200.879,0
661,9993206911950,9993207070890,9993207155264,158.940,84.374,243.314,0
662,9993226911950,9993227010513,9993227104366,98.563,93.853,192.416,0
663,9993246911950,9993246984875,9993247048573,72.925,63.698,136.623,0
664,9993266911950,9993266980539,9993267043404,68.589,62.865,131.454,0
665,9993286911950,9993286980423,9993287043287,68.473,62.864,131.337,0
666,9993306911950,9993306980566,9993307043430,68.616,62.864,131.480,0
667,9993326911950,9993327052636,9993327116542,140.686,63.906,204.592,0
668,9993346911950,9993346987624,9993347072467,75.674,84.843,160.517,0
669,9993366911950,9993366986465,9993367071257,74.515,84.792,159.307,0
670,9993386911950,9993386992703,9993387077494,80.753,84.791,165.544,0
671,9993406911950,9993406993419,9993407078210,81.469,84.791,166.260,0
672,9993426911950,9993427013146,9993427097989,101.196,84.843,186.039,0
673,9993446911950,9993446991935,9993447076727,79.985,84.792,164.777,0
674,9993466911950,9993466994787,9993467079578,82.837,84.791,167.628,0
675,9993486911950,9993486992379,9993487077222,80.429,84.843,165.272,0
676,9993506911950,9993506990439,9993507075178,78.489,84.739,163.228,0
677,9993526911950,9993527021103,9993527105998,109.153,84.895,194.048,0
678,9993546911950,9993546991143,9993547075934,79.193,84.791,163.984,0
679,9993566911950,9993566992640,9993567077431,80.690,84.791,165.481,0
680,9993586911950,9993586994190,9993587078929,82.240,84.739,166.979,0
681,9993606911950,9993606992407,9993607077198,80.457,84.791,165.248,0
682,9993626911950,9993626990310,9993627075050,78.360,84.740,163.100,0
683,9993646911950,9993646989464,9993647074360,77.514,84.896,162.410,0
684,9993666911950,9993666992056,9993667076795,80.106,84.739,164.845,0
685,9993686911950,9993686991418,9993687076209,79.468,84.791,164.259,0
686,9993706911950,9993706992655,9993707077499,80.705,84.844,165.549,0
687,9993726911950,9993726991966,9993727076705,80.016,84.739,164.755,0
688,9993746911950,9993746984505,9993747069400,72.555,84.895,157.450,0
689,9993766911950,9993766992617,9993767077356,80.667,84.739,165.406,0
690,9993786911950,9993786992292,9993787077083,80.342,84.791,165.133,0
691,9993806911950,9993806991811,9993807076602,79.861,84.791,164.652,0
692,9993826911950,9993826991694,9993827076537,79.744,84.843,164.587,0
693,9993846911950,9993846989441,9993847074181,77.491,84.740,162.231,0
694,9993866911950,9993866994377,9993867079272,82.427,84.895,167.322,0
695,9993886911950,9993886991708,9993887076447,79.758,84.739,164.497,0
696,9993906911950,9993906992007,9993907076747,80.057,84.740,164.797,0
697,9993926911950,9993926991786,9993927076578,79.836,84.792,164.628,0
698,9993946911950,9993947000836,9993947086148,88.886,85.312,174.198,0
699,9993966911950,9993966986761,9993967071761,74.811,85.000,159.811,0
700,9993986911950,9993986986384,9993987071227,74.434,84.843,159.277,0
701,9994006911950,9994006998871,9994007083923,86.921,85.052,171.973,0
702,9994026911950,9994026990212,9994027075108,78.262,84.896,163.158,0
703,9994046911950,9994046990981,9994047076085,79.031,85.104,164.135,0
704,9994066911950,9994066992166,9994067076957,80.216,84.791,165.007,0
705,9994086911950,9994086989497,9994087074288,77.547,84.791,162.338,0
706,9994106911950,9994106989953,9994107074797,78.003,84.844,162.847,0
707,9994126911950,9994126990774,9994127075565,78.824,84.791,163.615,0
708,9994146911950,9994147027584,9994147112531,115.634,84.947,200.581,0
709,9994166911950,9994166992624,9994167077415,80.674,84.791,165.465,0
710,9994186911950,9994186993080,9994187077923,81.130,84.843,165.973,0
711,9994206911950,9994206992077,9994207076868,80.127,84.791,164.918,0
712,9994226911950,9994226990710,9994227075450,78.760,84.740,163.500,0
713,9994246911950,9994247009604,9994247095853,97.654,86.249,183.903,0
714,9994266911950,9994267051570,9994267133393,139.620,81.823,221.443,0
715,9994286911950,9994286993693,9994287066974,81.743,73.281,155.024,0
716,9994306911950,9994306983316,9994307055295,71.366,71.979,143.345,0
717,9994326911950,9994326983668,9994327055490,71.718,71.822,143.540,0
718,9994346911950,9994346982874,9994347054696,70.924,71.822,142.746,0
719,9994366911950,9994366982757,9994367054632,70.807,71.875,142.682,0
720,9994386911950,9994386981963,9994387053838,70.013,71.875,141.888,0
721,9994406911950,9994406982992,9994407054867,71.042,71.875,142.917,0
722,9994426911950,9994426990844,9994427063500,78.894,72.656,151.550,0
723,9994446911950,9994446985987,9994447058643,74.037,72.656,146.693,0
724,9994466911950,9994467061495,9994467133318,149.545,71.823,221.368,0
725,9994486911950,9994486992056,9994487077055,80.106,84.999,165.105,0
726,9994506911950,9994506990376,9994507075428,78.426,85.052,163.478,0
727,9994526911950,9994526992030,9994527076821,80.080,84.791,164.871,0
728,9994546911950,9994546990924,9994547075663,78.974,84.739,163.713,0
729,9994566911950,9994566989922,9994567074713,77.972,84.791,162.763,0
730,9994586911950,9994586994023,9994587078762,82.073,84.739,166.812,0
731,9994606911950,9994606992448,9994607077239,80.498,84.791,165.289,0
732,9994626911950,9994626990665,9994627075456,78.715,84.791,163.506,0
733,9994646911950,9994646992475,9994647077370,80.525,84.895,165.420,0
734,9994666911950,9994666993504,9994667078295,81.554,84.791,166.345,0
735,9994686911950,9994686989741,9994687074584,77.791,84.843,162.634,0
736,9994706911950,9994706990666,9994707075457,78.716,84.791,163.507,0
737,9994726911950,9994726989299,9994727074090,77.349,84.791,162.140,0
738,9994746911950,9994746992359,9994747077203,80.409,84.844,165.253,0
739,9994766911950,9994766992503,9994767077346,80.553,84.843,165.396,0
740,9994786911950,9994786988948,9994787073740,76.998,84.792,161.790,0
741,9994806911950,9994806992165,9994807076904,80.215,84.739,164.954,0
742,9994826911950,9994826991683,9994827076527,79.733,84.844,164.577,0
743,9994846911950,9994846991723,9994847076566,79.773,84.843,164.616,0
744,9994866911950,9994866994210,9994867078897,82.260,84.687,166.947,0
745,9994886911950,9994886988885,9994887073624,76.935,84.739,161.674,0
746,9994906911950,9994906992049,9994907076893,80.099,84.844,164.943,0
747,9994926911950,9994926991932,9994927076724,79.982,84.792,164.774,0
748,9994946911950,9994947001451,9994947086659,89.501,85.208,174.709,0
749,9994966911950,9994966987688,9994967072740,75.738,85.052,160.790,0
750,9994986911950,9994986991842,9994987076633,79.892,84.791,164.683,0
751,9995006911950,9995006989642,9995007074433,77.692,84.791,162.483,0
752,9995026911950,9995026993119,9995027078014,81.169,84.895,166.064,0
753,9995046911950,9995046989148,9995047074043,77.198,84.895,162.093,0
754,9995066911950,9995066992052,9995067076895,80.102,84.843,164.945,0
755,9995086911950,9995087021414,9995087106309,109.464,84.895,194.359,0
756,9995106911950,9995106992547,9995107077339,80.597,84.792,165.389,0
757,9995126911950,9995126989826,9995127074565,77.876,84.739,162.615,0
758,9995146911950,9995146992314,9995147077157,80.364,84.843,165.207,0
759,9995166911950,9995166991884,9995167076623,79.934,84.739,164.673,0
760,9995186911950,9995187003069,9995187087965,91.119,84.896,176.015,0
761,9995206911950,9995206991755,9995207076494,79.805,84.739,164.544,0
762,9995226911950,9995226991117,9995227075856,79.167,84.739,163.906,0
763,9995246911950,9995246992771,9995247077614,80.821,84.843,165.664,0
764,9995266911950,9995266994008,9995267078747,82.058,84.739,166.797,0
765,9995286911950,9995287003735,9995287089151,91.785,85.416,177.201,0
766,9995306911950,9995307044503,9995307137628,132.553,93.125,225.678,0
767,9995326911950,9995327030324,9995327116678,118.374,86.354,204.728,0
768,9995346911950,9995347002395,9995347087759,90.445,85.364,175.809,0
769,9995366911950,9995366988320,9995367073215,76.370,84.895,161.265,0
770,9995386911950,9995386987266,9995387072213,75.316,84.947,160.263,0
771,9995406911950,9995406980013,9995407042930,68.063,62.917,130.980,0
772,9995426911950,9995426980001,9995427042917,68.051,62.916,130.967,0
773,9995446911950,9995446984988,9995447047904,73.038,62.916,135.954,0
774,9995466911950,9995466982579,9995467045391,70.629,62.812,133.441,0
775,9995486911950,9995486982775,9995487045639,70.825,62.864,133.689,0
776,9995506911950,9995506986252,9995507071095,74.302,84.843,159.145,0
777,9995526911950,9995526990875,9995527075770,78.925,84.895,163.820,0
778,9995546911950,9995546987216,9995547071955,75.266,84.739,160.005,0
779,9995566911950,9995566992620,9995567077463,80.670,84.843,165.513,0
780,9995586911950,9995586991982,9995587076826,80.032,84.844,164.876,0
781,9995606911950,9995606991032,9995607075823,79.082,84.791,163.873,0
782,9995626911950,9995626991332,9995627076123,79.382,84.791,164.173,0
783,9995646911950,9995646992517,9995647077308,80.567,84.791,165.358,0
784,9995666911950,9995666991879,9995667076566,79.929,84.687,164.616,0
785,9995686911950,9995686993325,9995687078116,81.375,84.791,166.166,0
786,9995706911950,9995706989302,9995707074093,77.352,84.791,162.143,0
787,9995726911950,9995726992779,9995727077674,80.829,84.895,165.724,0
788,9995746911950,9995746992350,9995747077141,80.400,84.791,165.191,0
789,9995766911950,9995766989681,9995767074472,77.731,84.791,162.522,0
790,9995786911950,9995786992012,9995787076855,80.062,84.843,164.905,0
791,9995806911950,9995806989186,9995807074082,77.236,84.896,162.132,0
792,9995826911950,9995826992142,9995827077038,80.192,84.896,165.088,0
793,9995846911950,9995846991869,9995847076661,79.919,84.792,164.711,0
794,9995866911950,9995866993992,9995867078783,82.042,84.791,166.833,0
795,9995886911950,9995886992365,9995887077208,80.415,84.843,165.258,0
796,9995906911950,9995906988654,9995907073393,76.704,84.739,161.443,0
797,9995926911950,9995926991923,9995927076766,79.973,84.843,164.816,0
798,9995946911950,9995947001025,9995947086805,89.075,85.780,174.855,0
799,9995966911950,9995966987783,9995967072678,75.833,84.895,160.728,0
800,9995986911950,9995986986468,9995987071259,74.518,84.791,159.309,0
801,9996006911950,9996007010466,9996007107444,98.516,96.978,195.494,0
802,9996026911950,9996026995922,9996027080140,83.972,84.218,168.190,0
803,9996046911950,9996046991222,9996047075075,79.272,83.853,163.125,0
804,9996066911950,9996066989699,9996067073552,77.749,83.853,161.602,0
805,9996086911950,9996086989946,9996087073748,77.996,83.802,161.798,0
806,9996106911950,9996107035819,9996107119620,123.869,83.801,207.670,0
807,9996126911950,9996126991223,9996127075025,79.273,83.802,163.075,0
808,9996146911950,9996146994023,9996147077824,82.073,83.801,165.874,0
809,9996166911950,9996166993958,9996167077760,82.008,83.802,165.810,0
810,9996186911950,9996186991862,9996187075664,79.912,83.802,163.714,0
811,9996206911950,9996206990131,9996207073984,78.181,83.853,162.034,0
812,9996226911950,9996226989180,9996227073034,77.230,83.854,161.084,0
813,9996246911950,9996246989428,9996247073230,77.478,83.802,161.280,0
814,9996266911950,9996266993270,9996267077123,81.320,83.853,165.173,0
815,9996286911950,9996286991538,9996287075392,79.588,83.854,163.442,0
816,9996306911950,9996306991786,9996307075640,79.836,83.854,163.690,0
817,9996326911950,9996326988700,9996327072502,76.750,83.802,160.552,0
818,9996346911950,9996347033427,9996347118270,121.477,84.843,206.320,0
819,9996366911950,9996367048727,9996367133466,136.777,84.739,221.516,0
820,9996386911950,9996387028714,9996387113349,116.764,84.635,201.399,0
821,9996406911950,9996406987712,9996407071514,75.762,83.802,159.564,0
822,9996426911950,9996426980252,9996427043116,68.302,62.864,131.166,0
823,9996446911950,9996446979874,9996447042895,67.924,63.021,130.945,0
824,9996466911950,9996466980539,9996467043403,68.589,62.864,131.453,0
825,9996486911950,9996486979693,9996487042609,67.743,62.916,130.659,0
826,9996506911950,9996506979940,9996507042805,67.990,62.865,130.855,0
827,9996526911950,9996526987063,9996527070865,75.113,83.802,158.915,0
828,9996546911950,9996546986894,9996547070800,74.944,83.906,158.850,0
829,9996566911950,9996566985840,9996567069641,73.890,83.801,157.691,0
830,9996586911950,9996586991035,9996587074889,79.085,83.854,162.939,0
831,9996606911950,9996606992377,9996607076231,80.427,83.854,164.281,0
832,9996626911950,9996626990802,9996627074551,78.852,83.749,162.601,0
833,9996646911950,9996646990477,9996647074278,78.527,83.801,162.328,0
834,9996666911950,9996666991974,9996667075828,80.024,83.854,163.878,0
835,9996686911950,9996686993264,9996687077013,81.314,83.749,165.063,0
836,9996706911950,9996706989814,9996707073667,77.864,83.853,161.717,0
837,9996726911950,9996727027457,9996727111206,115.507,83.749,199.256,0
838,9996746911950,9996746992496,9996747076298,80.546,83.802,164.348,0
839,9996766911950,9996766994567,9996767078317,82.617,83.750,166.367,0
840,9996786911950,9996786992002,9996787075856,80.052,83.854,163.906,0
841,9996806911950,9996806989073,9996807072875,77.123,83.802,160.925,0
842,9996826911950,9996827001717,9996827085518,89.767,83.801,173.568,0
843,9996846911950,9996846992173,9996847076026,80.223,83.853,164.076,0
844,9996866911950,9996866993983,9996867077732,82.033,83.749,165.782,0
845,9996886911950,9996886991626,9996887075480,79.676,83.854,163.530,0
846,9996906911950,9996906989270,9996907073124,77.320,83.854,161.174,0
847,9996926911950,9996927018268,9996927102017,106.318,83.749,190.067,0
848,9996946911950,9996947000703,9996947084765,88.753,84.062,172.815,0
849,9996966911950,9996966990065,9996967073919,78.115,83.854,161.969,0
850,9996986911950,9996986988907,9996987072656,76.957,83.749,160.706,0
851,9997006911950,9997006989050,9997007072904,77.100,83.854,160.954,0
852,9997026911950,9997027031381,9997027115131,119.431,83.750,203.181,0
853,9997046911950,9997046993400,9997047077254,81.450,83.854,165.304,0
854,9997066911950,9997066991669,9997067075522,79.719,83.853,163.572,0
855,9997086911950,9997086992802,9997087076656,80.852,83.854,164.706,0
856,9997106911950,9997106991175,9997107075028,79.225,83.853,163.078,0
857,9997126911950,9997126989756,9997127073557,77.806,83.801,161.607,0
858,9997146911950,9997146988493,9997147072295,76.543,83.802,160.345,0
859,9997166911950,9997166990928,9997167074730,78.978,83.802,162.780,0
860,9997186911950,9997186991957,9997187075759,80.007,83.802,163.809,0
861,9997206911950,9997206992986,9997207076788,81.036,83.802,164.838,0
862,9997226911950,9997226991255,9997227075056,79.305,83.801,163.106,0
863,9997246911950,9997246984107,9997247067908,72.157,83.801,155.958,0
864,9997266911950,9997266989042,9997267072896,77.092,83.854,160.946,0
865,9997286911950,9997286991165,9997287074966,79.215,83.801,163.016,0
866,9997306911950,9997306991256,9997307075058,79.306,83.802,163.108,0
867,9997326911950,9997326991348,9997327075149,79.398,83.801,163.199,0
868,9997346911950,9997346988106,9997347071855,76.156,83.749,159.905,0
869,9997366911950,9997366990958,9997367074759,79.008,83.801,162.809,0
870,9997386911950,9997387015007,9997387101361,103.057,86.354,189.411,0
871,9997406911950,9997407006193,9997407092442,94.243,86.249,180.492,0
872,9997426911950,9997427063576,9997427147950,151.626,84.374,236.000,0
873,9997446911950,9997446992626,9997447056948,80.676,64.322,144.998,0
874,9997466911950,9997466981988,9997467045738,70.038,63.750,133.788,0
875,9997486911950,9997486985726,9997487049371,73.776,63.645,137.421,0
876,9997506911950,9997506983994,9997507047640,72.044,63.646,135.690,0
877,9997526911950,9997526983252,9997527046846,71.302,63.594,134.896,0
878,9997546911950,9997546987927,9997547072770,75.977,84.843,160.820,0
879,9997566911950,9997566990727,9997567075570,78.777,84.843,163.620,0
880,9997586911950,9997586990402,9997587075245,78.452,84.843,163.295,0
881,9997606911950,9997606990545,9997607075336,78.595,84.791,163.386,0
882,9997626911950,9997626989595,9997627074334,77.645,84.739,162.384,0
883,9997646911950,9997647024530,9997647109426,112.580,84.896,197.476,0
884,9997666911950,9997666994101,9997667078892,82.151,84.791,166.942,0
885,9997686911950,9997686992057,9997687076900,80.107,84.843,164.950,0
886,9997706911950,9997706992044,9997707076836,80.094,84.792,164.886,0
887,9997726911950,9997726991876,9997727076719,79.926,84.843,164.769,0
888,9997746911950,9997747002696,9997747087539,90.746,84.843,175.589,0
889,9997766911950,9997766993204,9997767077943,81.254,84.739,165.993,0
890,9997786911950,9997786992619,9997787077514,80.669,84.895,165.564,0
891,9997806911950,9997806992085,9997807076929,80.135,84.844,164.979,0
892,9997826911950,9997826991812,9997827076603,79.862,84.791,164.653,0
893,9997846911950,9997846990393,9997847075132,78.443,84.739,163.182,0
894,9997866911950,9997866989704,9997867074547,77.754,84.843,162.597,0
895,9997886911950,9997886992243,9997887076982,80.293,84.739,165.032,0
896,9997906911950,9997906992491,9997907077282,80.541,84.791,165.332,0
897,9997926911950,9997926990499,9997927075238,78.549,84.739,163.288,0
898,9997946911950,9997947003194,9997947088663,91.244,85.469,176.713,0
899,9997966911950,9997966987609,9997967072765,75.659,85.156,160.815,0
900,9997986911950,9997986985669,9997987070408,73.719,84.739,158.458,0
901,9998006911950,9998006991750,9998007076541,79.800,84.791,164.591,0
902,9998026911950,9998026990123,9998027075070,78.173,84.947,163.120,0
903,9998046911950,9998046990319,9998047075162,78.369,84.843,163.212,0
904,9998066911950,9998066989473,9998067074316,77.523,84.843,162.366,0
905,9998086911950,9998086990241,9998087075032,78.291,84.791,163.082,0
906,9998106911950,9998106988718,9998107073509,76.768,84.791,161.559,0
907,9998126911950,9998126990997,9998127075893,79.047,84.896,163.943,0
908,9998146911950,9998146992964,9998147077807,81.014,84.843,165.857,0
909,9998166911950,9998167021024,9998167105919,109.074,84.895,193.969,0
910,9998186911950,9998186990178,9998187074969,78.228,84.791,163.019,0
911,9998206911950,9998206992301,9998207077092,80.351,84.791,165.142,0
912,9998226911950,9998226992236,9998227077027,80.286,84.791,165.077,0
913,9998246911950,9998246991859,9998247076702,79.909,84.843,164.752,0
914,9998266911950,9998267003669,9998267088512,91.719,84.843,176.562,0
915,9998286911950,9998286992198,9998287076989,80.248,84.791,165.039,0
916,9998306911950,9998306991873,9998307076716,79.923,84.843,164.766,0
917,9998326911950,9998326991496,9998327076287,79.546,84.791,164.337,0
918,9998346911950,9998346991223,9998347075962,79.273,84.739,164.012,0
919,9998366911950,9998366990949,9998367075741,78.999,84.792,163.791,0
920,9998386911950,9998386991041,9998387075832,79.091,84.791,163.882,0
921,9998406911950,9998406990924,9998407075663,78.974,84.739,163.713,0
922,9998426911950,9998426991224,9998427075963,79.274,84.739,164.013,0
923,9998446911950,9998447016628,9998447102877,104.678,86.249,190.927,0
924,9998466911950,9998467016719,9998467101146,104.769,84.427,189.196,0
925,9998486911950,9998487049884,9998487122279,137.934,72.395,210.329,0
926,9998506911950,9998506986538,9998507059610,74.588,73.072,147.660,0
927,9998526911950,9998526982932,9998527055692,70.982,72.760,143.742,0
928,9998546911950,9998546984325,9998547057033,72.375,72.708,145.083,0
929,9998566911950,9998566983479,9998567056239,71.529,72.760,144.289,0
930,9998586911950,9998586982737,9998587055549,70.787,72.812,143.599,0
931,9998606911950,9998606982516,9998607055120,70.566,72.604,143.170,0
932,9998626911950,9998626982399,9998627055107,70.449,72.708,143.157,0
933,9998646911950,9998646983637,9998647056293,71.687,72.656,144.343,0
934,9998666911950,9998666987843,9998667060655,75.893,72.812,148.705,0
935,9998686911950,9998686991372,9998687076215,79.422,84.843,164.265,0
936,9998706911950,9998706993286,9998707078077,81.336,84.791,166.127,0
937,9998726911950,9998726995930,9998727080825,83.980,84.895,168.875,0
938,9998746911950,9998746993001,9998747077740,81.051,84.739,165.790,0
939,9998766911950,9998766995227,9998767080071,83.277,84.844,168.121,0
940,9998786911950,9998786989329,9998787074121,77.379,84.792,162.171,0
941,9998806911950,9998806991400,9998807076087,79.450,84.687,164.137,0
942,9998826911950,9998826992585,9998827077324,80.635,84.739,165.374,0
943,9998846911950,9998846993979,9998847078718,82.029,84.739,166.768,0
944,9998866911950,9998866994591,9998867079382,82.641,84.791,167.432,0
945,9998886911950,9998886990204,9998887075099,78.254,84.895,163.149,0
946,9998906911950,9998906992274,9998907077118,80.324,84.844,165.168,0
947,9998926911950,9998926992001,9998927076688,80.051,84.687,164.738,0
948,9998946911950,9998947000582,9998947085998,88.632,85.416,174.048,0
949,9998966911950,9998966987809,9998967072913,75.859,85.104,160.963,0
950,9998986911950,9998986986703,9998987071494,74.753,84.791,159.544,0
951,9999006911950,9999006991690,9999007076533,79.740,84.843,164.583,0
952,9999026911950,9999026992667,9999027077510,80.717,84.843,165.560,0
953,9999046911950,9999046996717,9999047081612,84.767,84.895,169.662,0
954,9999066911950,9999066992850,9999067077693,80.900,84.843,165.743,0
955,9999086911950,9999087022473,9999087107420,110.523,84.947,195.470,0
956,9999106911950,9999106992773,9999107077616,80.823,84.843,165.666,0
957,9999126911950,9999126990677,9999127075520,78.727,84.843,163.570,0
958,9999146911950,9999146992122,9999147076966,80.172,84.844,165.016,0
959,9999166911950,9999166993099,9999167077891,81.149,84.792,165.941,0
960,9999186911950,9999187018920,9999187103815,106.970,84.895,191.865,0
961,9999206911950,9999206990991,9999207075730,79.041,84.739,163.780,0
962,9999226911950,9999226992280,9999227077176,80.330,84.896,165.226,0
963,9999246911950,9999246992215,9999247077007,80.265,84.792,165.057,0
964,9999266911950,9999266993140,9999267077984,81.190,84.844,166.034,0
965,9999286911950,9999287003023,9999287087867,91.073,84.844,175.917,0
966,9999306911950,9999306992334,9999307077125,80.384,84.791,165.175,0
967,9999326911950,9999326992634,9999327077373,80.684,84.739,165.423,0
968,9999346911950,9999346992569,9999347077360,80.619,84.791,165.410,0
969,9999366911950,9999366991567,9999367076410,79.617,84.843,164.460,0
970,9999386911950,9999387017648,9999387102699,105.698,85.051,190.749,0
971,9999406911950,9999406992479,9999407077322,80.529,84.843,165.372,0
972,9999426911950,9999426991789,9999427076580,79.839,84.791,164.630,0
973,9999446911950,9999446991881,9999447076620,79.931,84.739,164.670,0
974,9999466911950,9999466988899,9999467073743,76.949,84.844,161.793,0
975,9999486911950,9999487017741,9999487102584,105.791,84.843,190.634,0
976,9999506911950,9999507039603,9999507179602,127.653,139.999,267.652,0
977,9999526911950,9999527061309,9999527145996,149.359,84.687,234.046,0
978,9999546911950,9999546995203,9999547081192,83.253,85.989,169.242,0
979,9999566911950,9999566987638,9999567072325,75.688,84.687,160.375,0
980,9999586911950,9999586986896,9999587071583,74.946,84.687,159.633,0
981,9999606911950,9999606980477,9999607044123,68.527,63.646,132.173,0
982,9999626911950,9999626980725,9999627044371,68.775,63.646,132.421,0
983,9999646911950,9999646979046,9999647042639,67.096,63.593,130.689,0
984,9999666911950,9999666979919,9999667043460,67.969,63.541,131.510,0
985,9999686911950,9999686981364,9999687045010,69.414,63.646,133.060,0
986,9999706911950,9999706986560,9999707071455,74.610,84.895,159.505,0
987,9999726911950,9999726995089,9999727079932,83.139,84.843,167.982,0
988,9999746911950,9999746992889,9999747077680,80.939,84.791,165.730,0
989,9999766911950,9999766994959,9999767079855,83.009,84.896,167.905,0
990,9999786911950,9999786992707,9999787077550,80.757,84.843,165.600,0
991,9999806911950,9999807021965,9999807106965,110.015,85.000,195.015,0
992,9999826911950,9999826989974,9999827074713,78.024,84.739,162.763,0
993,9999846911950,9999846993867,9999847078606,81.917,84.739,166.656,0
994,9999866911950,9999866994792,9999867079531,82.842,84.739,167.581,0
995,9999886911950,9999886991654,9999887076654,79.704,85.000,164.704,0
996,9999906911950,9999907026433,9999907110287,114.483,83.854,198.337,0
997,9999926911950,9999926991994,9999927076785,80.044,84.791,164.835,0
998,9999946911950,9999947000679,9999947085835,88.729,85.156,173.885,0
999,9999966911950,9999966987333,9999967072176,75.383,84.843,160.226,0
1000,9999986911950,9999986986175,9999987070966,74.225,84.791,159.016,0
